cp1,cp2,age
0000,01F5,1.1
01F6,01F9,3.0
01FA,0217,1.1
0218,021F,3.0
0220,0220,3.2
0221,0221,4.0
0222,0233,3.0
0234,0236,4.0
0237,0241,4.1
0242,024F,5.0
0250,02A8,1.1
02A9,02AD,3.0
02AE,02AF,4.0
02B0,02DE,1.1
02DF,02DF,3.0
02E0,02E9,1.1
02EA,02EE,3.0
02EF,02FF,4.0
0300,0345,1.1
0346,034E,3.0
034F,034F,3.2
0350,0357,4.0
0358,035C,4.1
035D,035F,4.0
0360,0361,1.1
0362,0362,3.0
0363,036F,3.2
0370,0373,5.1
0374,0375,1.1
0376,0377,5.1
037A,037A,1.1
037B,037D,5.0
037E,037E,1.1
037F,037F,7.0
0384,03CE,1.1
03CF,03CF,5.1
03D0,03D6,1.1
03D7,03D7,3.0
03D8,03D9,3.2
03DA,03DA,1.1
03DB,03DB,3.0
03DC,03DC,1.1
03DD,03DD,3.0
03DE,03DE,1.1
03DF,03DF,3.0
03E0,03E0,1.1
03E1,03E1,3.0
03E2,03F3,1.1
03F4,03F5,3.1
03F6,03F6,3.2
03F7,03FB,4.0
03FC,03FF,4.1
0400,0400,3.0
0401,040C,1.1
040D,040D,3.0
040E,044F,1.1
0450,0450,3.0
0451,045C,1.1
045D,045D,3.0
045E,0486,1.1
0487,0487,5.1
0488,0489,3.0
048A,048B,3.2
048C,048F,3.0
0490,04C4,1.1
04C5,04C6,3.2
04C7,04C8,1.1
04C9,04CA,3.2
04CB,04CC,1.1
04CD,04CE,3.2
04CF,04CF,5.0
04D0,04EB,1.1
04EC,04ED,3.0
04EE,04F5,1.1
04F6,04F7,4.1
04F8,04F9,1.1
04FA,04FF,5.0
0500,050F,3.2
0510,0513,5.0
0514,0523,5.1
0524,0525,5.2
0526,0527,6.0
0528,052F,7.0
0531,055F,1.1
0560,0560,11.0
0561,0587,1.1
0588,0588,11.0
0589,0589,1.1
058A,058A,3.0
058D,058E,7.0
058F,058F,6.1
0591,05A1,2.0
05A2,05A2,4.1
05A3,05AF,2.0
05B0,05B9,1.1
05BA,05BA,5.0
05BB,05C3,1.1
05C4,05C4,2.0
05C5,05C7,4.1
05D0,05EA,1.1
05EF,05EF,11.0
05F0,05F4,1.1
0600,0603,4.0
0604,0604,6.1
0605,0605,7.0
0606,060A,5.1
060B,060B,4.1
060C,060C,1.1
060D,0615,4.0
0616,061A,5.1
061B,061B,1.1
061C,061C,6.3
061D,061D,14.0
061E,061E,4.1
061F,061F,1.1
0620,0620,6.0
0621,063A,1.1
063B,063F,5.1
0640,0652,1.1
0653,0655,3.0
0656,0658,4.0
0659,065E,4.1
065F,065F,6.0
0660,066D,1.1
066E,066F,3.2
0670,06B7,1.1
06B8,06B9,3.0
06BA,06BE,1.1
06BF,06BF,3.0
06C0,06CE,1.1
06CF,06CF,3.0
06D0,06ED,1.1
06EE,06EF,4.0
06F0,06F9,1.1
06FA,06FE,3.0
06FF,06FF,4.0
0700,072C,3.0
072D,072F,4.0
0730,074A,3.0
074D,074F,4.0
0750,076D,4.1
076E,077F,5.1
0780,07B0,3.0
07B1,07B1,3.2
07C0,07FA,5.0
07FD,07FF,11.0
0800,083E,5.2
0840,085E,6.0
0860,086A,10.0
0870,089F,14.0
08A0,08A0,6.1
08A1,08A1,7.0
08A2,08AC,6.1
08AD,08B2,7.0
08B3,08B4,8.0
08B5,08B5,14.0
08B6,08BD,9.0
08BE,08C7,13.0
08C8,08D2,14.0
08D3,08D3,11.0
08D4,08E2,9.0
08E3,08E3,8.0
08E4,08FE,6.1
08FF,08FF,7.0
0900,0900,5.2
0901,0903,1.1
0904,0904,4.0
0905,0939,1.1
093A,093B,6.0
093C,094D,1.1
094E,094E,5.2
094F,094F,6.0
0950,0954,1.1
0955,0955,5.2
0956,0957,6.0
0958,0970,1.1
0971,0972,5.1
0973,0977,6.0
0978,0978,7.0
0979,097A,5.2
097B,097C,5.0
097D,097D,4.1
097E,097F,5.0
0980,0980,7.0
0981,09BC,1.1
09BD,09BD,4.0
09BE,09CD,1.1
09CE,09CE,4.1
09D7,09FA,1.1
09FB,09FB,5.2
09FC,09FD,10.0
09FE,09FE,11.0
0A01,0A01,4.0
0A02,0A02,1.1
0A03,0A03,4.0
0A05,0A4D,1.1
0A51,0A51,5.1
0A59,0A74,1.1
0A75,0A75,5.1
0A76,0A76,11.0
0A81,0A8B,1.1
0A8C,0A8C,4.0
0A8D,0AE0,1.1
0AE1,0AE3,4.0
0AE6,0AEF,1.1
0AF0,0AF0,6.1
0AF1,0AF1,4.0
0AF9,0AF9,8.0
0AFA,0AFF,10.0
0B01,0B33,1.1
0B35,0B35,4.0
0B36,0B43,1.1
0B44,0B44,5.1
0B47,0B4D,1.1
0B55,0B55,13.0
0B56,0B61,1.1
0B62,0B63,5.1
0B66,0B70,1.1
0B71,0B71,4.0
0B72,0B77,6.0
0B82,0BB5,1.1
0BB6,0BB6,4.1
0BB7,0BCD,1.1
0BD0,0BD0,5.1
0BD7,0BD7,1.1
0BE6,0BE6,4.1
0BE7,0BF2,1.1
0BF3,0BFA,4.0
0C00,0C00,7.0
0C01,0C03,1.1
0C04,0C04,11.0
0C05,0C33,1.1
0C34,0C34,7.0
0C35,0C39,1.1
0C3C,0C3C,14.0
0C3D,0C3D,5.1
0C3E,0C56,1.1
0C58,0C59,5.1
0C5A,0C5A,8.0
0C5D,0C5D,14.0
0C60,0C61,1.1
0C62,0C63,5.1
0C66,0C6F,1.1
0C77,0C77,12.0
0C78,0C7F,5.1
0C80,0C80,9.0
0C81,0C81,7.0
0C82,0C83,1.1
0C84,0C84,11.0
0C85,0CB9,1.1
0CBC,0CBD,4.0
0CBE,0CD6,1.1
0CDD,0CDD,14.0
0CDE,0CE1,1.1
0CE2,0CE3,5.0
0CE6,0CEF,1.1
0CF1,0CF2,5.0
0CF3,0CF3,15.0
0D00,0D00,10.0
0D01,0D01,7.0
0D02,0D03,1.1
0D04,0D04,13.0
0D05,0D28,1.1
0D29,0D29,6.0
0D2A,0D39,1.1
0D3A,0D3A,6.0
0D3B,0D3C,10.0
0D3D,0D3D,5.1
0D3E,0D43,1.1
0D44,0D44,5.1
0D46,0D4D,1.1
0D4E,0D4E,6.0
0D4F,0D56,9.0
0D57,0D57,1.1
0D58,0D5E,9.0
0D5F,0D5F,8.0
0D60,0D61,1.1
0D62,0D63,5.1
0D66,0D6F,1.1
0D70,0D75,5.1
0D76,0D78,9.0
0D79,0D7F,5.1
0D81,0D81,13.0
0D82,0DDF,3.0
0DE6,0DEF,7.0
0DF2,0DF4,3.0
0E01,0E84,1.1
0E86,0E86,12.0
0E87,0E88,1.1
0E89,0E89,12.0
0E8A,0E8A,1.1
0E8C,0E8C,12.0
0E8D,0E8D,1.1
0E8E,0E93,12.0
0E94,0E97,1.1
0E98,0E98,12.0
0E99,0E9F,1.1
0EA0,0EA0,12.0
0EA1,0EA7,1.1
0EA8,0EA9,12.0
0EAA,0EAB,1.1
0EAC,0EAC,12.0
0EAD,0EB9,1.1
0EBA,0EBA,12.0
0EBB,0ECD,1.1
0ECE,0ECE,15.0
0ED0,0EDD,1.1
0EDE,0EDF,6.1
0F00,0F69,2.0
0F6A,0F6A,3.0
0F6B,0F6C,5.1
0F71,0F8B,2.0
0F8C,0F8F,6.0
0F90,0F95,2.0
0F96,0F96,3.0
0F97,0FAD,2.0
0FAE,0FB0,3.0
0FB1,0FB7,2.0
0FB8,0FB8,3.0
0FB9,0FB9,2.0
0FBA,0FCC,3.0
0FCE,0FCE,5.1
0FCF,0FCF,3.0
0FD0,0FD1,4.1
0FD2,0FD4,5.1
0FD5,0FD8,5.2
0FD9,0FDA,6.0
1000,1021,3.0
1022,1022,5.1
1023,1027,3.0
1028,1028,5.1
1029,102A,3.0
102B,102B,5.1
102C,1032,3.0
1033,1035,5.1
1036,1039,3.0
103A,103F,5.1
1040,1059,3.0
105A,1099,5.1
109A,109D,5.2
109E,109F,5.1
10A0,10C5,1.1
10C7,10CD,6.1
10D0,10F6,1.1
10F7,10F8,3.2
10F9,10FA,4.1
10FB,10FB,1.1
10FC,10FC,4.1
10FD,10FF,6.1
1100,1159,1.1
115A,115E,5.2
115F,11A2,1.1
11A3,11A7,5.2
11A8,11F9,1.1
11FA,11FF,5.2
1200,1206,3.0
1207,1207,4.1
1208,1246,3.0
1247,1247,4.1
1248,1286,3.0
1287,1287,4.1
1288,12AE,3.0
12AF,12AF,4.1
12B0,12CE,3.0
12CF,12CF,4.1
12D0,12EE,3.0
12EF,12EF,4.1
12F0,130E,3.0
130F,130F,4.1
1310,131E,3.0
131F,131F,4.1
1320,1346,3.0
1347,1347,4.1
1348,135A,3.0
135D,135E,6.0
135F,1360,4.1
1361,137C,3.0
1380,1399,4.1
13A0,13F4,3.0
13F5,13FD,8.0
1400,1400,5.2
1401,1676,3.0
1677,167F,5.2
1680,16F0,3.0
16F1,16F8,7.0
1700,170C,3.2
170D,170D,14.0
170E,1714,3.2
1715,171F,14.0
1720,1773,3.2
1780,17DC,3.0
17DD,17DD,4.0
17E0,17E9,3.0
17F0,17F9,4.0
1800,180E,3.0
180F,180F,14.0
1810,1877,3.0
1878,1878,11.0
1880,18A9,3.0
18AA,18AA,5.1
18B0,18F5,5.2
1900,191C,4.0
191D,191E,7.0
1920,1974,4.0
1980,19A9,4.1
19AA,19AB,5.2
19B0,19D9,4.1
19DA,19DA,5.2
19DE,19DF,4.1
19E0,19FF,4.0
1A00,1A1F,4.1
1A20,1AAD,5.2
1AB0,1ABE,7.0
1ABF,1AC0,13.0
1AC1,1ACE,14.0
1B00,1B4B,5.0
1B4C,1B4C,14.0
1B50,1B7C,5.0
1B7D,1B7E,14.0
1B80,1BAA,5.1
1BAB,1BAD,6.1
1BAE,1BB9,5.1
1BBA,1BBF,6.1
1BC0,1BFF,6.0
1C00,1C7F,5.1
1C80,1C88,9.0
1C90,1CBF,11.0
1CC0,1CC7,6.1
1CD0,1CF2,5.2
1CF3,1CF6,6.1
1CF7,1CF7,10.0
1CF8,1CF9,7.0
1CFA,1CFA,12.0
1D00,1D6B,4.0
1D6C,1DC3,4.1
1DC4,1DCA,5.0
1DCB,1DE6,5.1
1DE7,1DF5,7.0
1DF6,1DF9,10.0
1DFA,1DFA,14.0
1DFB,1DFB,9.0
1DFC,1DFC,6.0
1DFD,1DFD,5.2
1DFE,1DFF,5.0
1E00,1E9A,1.1
1E9B,1E9B,2.0
1E9C,1E9F,5.1
1EA0,1EF9,1.1
1EFA,1EFF,5.1
1F00,202E,1.1
202F,202F,3.0
2030,2046,1.1
2047,2047,3.2
2048,204D,3.0
204E,2052,3.2
2053,2054,4.0
2055,2056,4.1
2057,2057,3.2
2058,205E,4.1
205F,2063,3.2
2064,2064,5.1
2066,2069,6.3
206A,2070,1.1
2071,2071,3.2
2074,208E,1.1
2090,2094,4.1
2095,209C,6.0
20A0,20AA,1.1
20AB,20AB,2.0
20AC,20AC,2.1
20AD,20AF,3.0
20B0,20B1,3.2
20B2,20B5,4.1
20B6,20B8,5.2
20B9,20B9,6.0
20BA,20BA,6.2
20BB,20BD,7.0
20BE,20BE,8.0
20BF,20BF,10.0
20C0,20C0,14.0
20D0,20E1,1.1
20E2,20E3,3.0
20E4,20EA,3.2
20EB,20EB,4.1
20EC,20EF,5.0
20F0,20F0,5.1
2100,2138,1.1
2139,213A,3.0
213B,213B,4.0
213C,213C,4.1
213D,214B,3.2
214C,214C,4.1
214D,214E,5.0
214F,214F,5.1
2150,2152,5.2
2153,2182,1.1
2183,2183,3.0
2184,2184,5.0
2185,2188,5.1
2189,2189,5.2
218A,218B,8.0
2190,21EA,1.1
21EB,21F3,3.0
21F4,21FF,3.2
2200,22F1,1.1
22F2,22FF,3.2
2300,2300,1.1
2301,2301,3.0
2302,237A,1.1
237B,237B,3.0
237C,237C,3.2
237D,239A,3.0
239B,23CE,3.2
23CF,23D0,4.0
23D1,23DB,4.1
23DC,23E7,5.0
23E8,23E8,5.2
23E9,23F3,6.0
23F4,23FA,7.0
23FB,23FE,9.0
23FF,23FF,10.0
2400,2424,1.1
2425,2426,3.0
2440,24EA,1.1
24EB,24FE,3.2
24FF,24FF,4.0
2500,2595,1.1
2596,259F,3.2
25A0,25EF,1.1
25F0,25F7,3.0
25F8,25FF,3.2
2600,2613,1.1
2614,2615,4.0
2616,2617,3.2
2618,2618,4.1
2619,2619,3.0
261A,266F,1.1
2670,2671,3.0
2672,267D,3.2
267E,267F,4.1
2680,2689,3.2
268A,2691,4.0
2692,269C,4.1
269D,269D,5.1
269E,269F,5.2
26A0,26A1,4.0
26A2,26B1,4.1
26B2,26B2,5.0
26B3,26BC,5.1
26BD,26BF,5.2
26C0,26C3,5.1
26C4,26CD,5.2
26CE,26CE,6.0
26CF,26E1,5.2
26E2,26E2,6.0
26E3,26E3,5.2
26E4,26E7,6.0
26E8,26FF,5.2
2700,2700,7.0
2701,2704,1.1
2705,2705,6.0
2706,2709,1.1
270A,270B,6.0
270C,2727,1.1
2728,2728,6.0
2729,274B,1.1
274C,274C,6.0
274D,274D,1.1
274E,274E,6.0
274F,2752,1.1
2753,2755,6.0
2756,2756,1.1
2757,2757,5.2
2758,275E,1.1
275F,2760,6.0
2761,2767,1.1
2768,2775,3.2
2776,2794,1.1
2795,2797,6.0
2798,27AF,1.1
27B0,27B0,6.0
27B1,27BE,1.1
27BF,27BF,6.0
27C0,27C6,4.1
27C7,27CA,5.0
27CB,27CB,6.1
27CC,27CC,5.1
27CD,27CD,6.1
27CE,27CF,6.0
27D0,27EB,3.2
27EC,27EF,5.1
27F0,27FF,3.2
2800,28FF,3.0
2900,2AFF,3.2
2B00,2B0D,4.0
2B0E,2B13,4.1
2B14,2B1A,5.0
2B1B,2B1F,5.1
2B20,2B23,5.0
2B24,2B4C,5.1
2B4D,2B4F,7.0
2B50,2B54,5.1
2B55,2B59,5.2
2B5A,2B95,7.0
2B97,2B97,13.0
2B98,2BB9,7.0
2BBA,2BBC,11.0
2BBD,2BC8,7.0
2BC9,2BC9,12.0
2BCA,2BD1,7.0
2BD2,2BD2,10.0
2BD3,2BEB,11.0
2BEC,2BEF,8.0
2BF0,2BFE,11.0
2BFF,2BFF,12.0
2C00,2C2E,4.1
2C2F,2C2F,14.0
2C30,2C5E,4.1
2C5F,2C5F,14.0
2C60,2C6C,5.0
2C6D,2C6F,5.1
2C70,2C70,5.2
2C71,2C73,5.1
2C74,2C77,5.0
2C78,2C7D,5.1
2C7E,2C7F,5.2
2C80,2CEA,4.1
2CEB,2CF1,5.2
2CF2,2CF3,6.1
2CF9,2D25,4.1
2D27,2D2D,6.1
2D30,2D65,4.1
2D66,2D67,6.1
2D6F,2D6F,4.1
2D70,2D7F,6.0
2D80,2DDE,4.1
2DE0,2DFF,5.1
2E00,2E17,4.1
2E18,2E1B,5.1
2E1C,2E1D,4.1
2E1E,2E30,5.1
2E31,2E31,5.2
2E32,2E3B,6.1
2E3C,2E42,7.0
2E43,2E44,9.0
2E45,2E49,10.0
2E4A,2E4E,11.0
2E4F,2E4F,12.0
2E50,2E52,13.0
2E53,2E5D,14.0
2E80,2FFB,3.0
2FFC,2FFF,15.1
3000,3037,1.1
3038,303A,3.0
303B,303D,3.2
303E,303E,3.0
303F,3094,1.1
3095,3096,3.2
3099,309E,1.1
309F,30A0,3.2
30A1,30FE,1.1
30FF,30FF,3.2
3105,312C,1.1
312D,312D,5.1
312E,312E,10.0
312F,312F,11.0
3131,319F,1.1
31A0,31B7,3.0
31B8,31BA,6.0
31BB,31BF,13.0
31C0,31CF,4.1
31D0,31E3,5.1
31EF,31EF,15.1
31F0,31FF,3.2
3200,321C,1.1
321D,321E,4.0
3220,3243,1.1
3244,324F,5.2
3250,3250,4.0
3251,325F,3.2
3260,327B,1.1
327C,327D,4.0
327E,327E,4.1
327F,32B0,1.1
32B1,32BF,3.2
32C0,32CB,1.1
32CC,32CF,4.0
32D0,32FE,1.1
32FF,32FF,12.1
3300,3376,1.1
3377,337A,4.0
337B,33DD,1.1
33DE,33DF,4.0
33E0,33FE,1.1
33FF,33FF,4.0
3400,4DB5,3.0
4DB6,4DBF,13.0
4DC0,4DFF,4.0
4E00,9FA5,1.1
9FA6,9FBB,4.1
9FBC,9FC3,5.1
9FC4,9FCB,5.2
9FCC,9FCC,6.1
9FCD,9FD5,8.0
9FD6,9FEA,10.0
9FEB,9FEF,11.0
9FF0,9FFC,13.0
9FFD,9FFF,14.0
A000,A4A1,3.0
A4A2,A4A3,3.2
A4A4,A4B3,3.0
A4B4,A4B4,3.2
A4B5,A4C0,3.0
A4C1,A4C1,3.2
A4C2,A4C4,3.0
A4C5,A4C5,3.2
A4C6,A4C6,3.0
A4D0,A4FF,5.2
A500,A65F,5.1
A660,A661,6.0
A662,A673,5.1
A674,A67B,6.1
A67C,A697,5.1
A698,A69D,7.0
A69E,A69E,8.0
A69F,A69F,6.1
A6A0,A6F7,5.2
A700,A716,4.1
A717,A71A,5.0
A71B,A71F,5.1
A720,A721,5.0
A722,A78C,5.1
A78D,A78E,6.0
A78F,A78F,8.0
A790,A791,6.0
A792,A793,6.1
A794,A79F,7.0
A7A0,A7A9,6.0
A7AA,A7AA,6.1
A7AB,A7AD,7.0
A7AE,A7AE,9.0
A7AF,A7AF,11.0
A7B0,A7B1,7.0
A7B2,A7B7,8.0
A7B8,A7B9,11.0
A7BA,A7BF,12.0
A7C0,A7C1,14.0
A7C2,A7C6,12.0
A7C7,A7CA,13.0
A7D0,A7F4,14.0
A7F5,A7F6,13.0
A7F7,A7F7,7.0
A7F8,A7F9,6.1
A7FA,A7FA,6.0
A7FB,A7FF,5.1
A800,A82B,4.1
A82C,A82C,13.0
A830,A839,5.2
A840,A877,5.0
A880,A8C4,5.1
A8C5,A8C5,9.0
A8CE,A8D9,5.1
A8E0,A8FB,5.2
A8FC,A8FD,8.0
A8FE,A8FF,11.0
A900,A95F,5.1
A960,A9DF,5.2
A9E0,A9FE,7.0
AA00,AA5F,5.1
AA60,AA7B,5.2
AA7C,AA7F,7.0
AA80,AADF,5.2
AAE0,AAF6,6.1
AB01,AB2E,6.0
AB30,AB5F,7.0
AB60,AB63,8.0
AB64,AB65,7.0
AB66,AB67,12.0
AB68,AB6B,13.0
AB70,ABBF,8.0
ABC0,ABF9,5.2
AC00,D7A3,2.0
D7B0,D7FB,5.2
E000,FA2D,1.1
FA2E,FA2F,6.1
FA30,FA6A,3.2
FA6B,FA6D,5.2
FA70,FAD9,4.1
FB00,FB17,1.1
FB1D,FB1D,3.0
FB1E,FBB1,1.1
FBB2,FBC1,6.0
FBC2,FBC2,14.0
FBD3,FD3F,1.1
FD40,FD4F,14.0
FD50,FDC7,1.1
FDCF,FDCF,14.0
FDF0,FDFB,1.1
FDFC,FDFC,3.2
FDFD,FDFD,4.0
FDFE,FDFF,14.0
FE00,FE0F,3.2
FE10,FE19,4.1
FE20,FE23,1.1
FE24,FE26,5.1
FE27,FE2D,7.0
FE2E,FE2F,8.0
FE30,FE44,1.1
FE45,FE46,3.2
FE47,FE48,4.0
FE49,FE72,1.1
FE73,FE73,3.2
FE74,FF5E,1.1
FF5F,FF60,3.2
FF61,FFEE,1.1
FFF9,FFFB,3.0
FFFC,FFFC,2.1
FFFD,FFFD,1.1
10000,1013F,4.0
10140,1018A,4.1
1018B,1018C,7.0
1018D,1018E,9.0
10190,1019B,5.1
1019C,1019C,13.0
101A0,101A0,7.0
101D0,102D0,5.1
102E0,102FB,7.0
10300,1031E,3.1
1031F,1031F,7.0
10320,10323,3.1
1032D,1032F,10.0
10330,1034A,3.1
10350,1037A,7.0
10380,1039F,4.0
103A0,103D5,4.1
10400,10425,3.1
10426,10427,4.0
10428,1044D,3.1
1044E,104A9,4.0
104B0,104FB,9.0
10500,1056F,7.0
10570,105BC,14.0
10600,10767,7.0
10780,107BA,14.0
10800,1083F,4.0
10840,1085F,5.2
10860,108AF,7.0
108E0,108FF,8.0
10900,10919,5.0
1091A,1091B,5.2
1091F,1091F,5.0
10920,1093F,5.1
10980,109B7,6.1
109BC,109BD,8.0
109BE,109BF,6.1
109C0,109FF,8.0
10A00,10A33,4.1
10A34,10A35,11.0
10A38,10A47,4.1
10A48,10A48,11.0
10A50,10A58,4.1
10A60,10A7F,5.2
10A80,10AF6,7.0
10B00,10B7F,5.2
10B80,10BAF,7.0
10C00,10C48,5.2
10C80,10CFF,8.0
10D00,10D39,11.0
10E60,10E7E,5.2
10E80,10EB1,13.0
10EFD,10EFF,15.0
10F00,10F59,11.0
10F70,10F89,14.0
10FB0,10FCB,13.0
10FE0,10FF6,12.0
11000,1106F,6.0
11070,11075,14.0
1107F,1107F,7.0
11080,110C1,5.2
110C2,110C2,14.0
110CD,110CD,11.0
110D0,11143,6.1
11144,11146,11.0
11147,11147,13.0
11150,11176,7.0
11180,111C8,6.1
111C9,111CC,8.0
111CD,111CD,7.0
111CE,111CF,13.0
111D0,111D9,6.1
111DA,111DA,7.0
111DB,111DF,8.0
111E1,1123D,7.0
1123E,1123E,9.0
1123F,11241,15.0
11280,112A9,8.0
112B0,112F9,7.0
11300,11300,8.0
11301,11339,7.0
1133B,1133B,11.0
1133C,1134D,7.0
11350,11350,8.0
11357,11374,7.0
11400,11459,9.0
1145A,1145A,13.0
1145B,1145D,9.0
1145E,1145E,11.0
1145F,1145F,12.0
11460,11461,13.0
11480,115C9,7.0
115CA,115DD,8.0
11600,11659,7.0
11660,1166C,9.0
11680,116B7,6.1
116B8,116B8,12.0
116B9,116B9,14.0
116C0,116C9,6.1
11700,11719,8.0
1171A,1171A,11.0
1171D,1173F,8.0
11740,11746,14.0
11800,1183B,11.0
118A0,118FF,7.0
11900,11959,13.0
119A0,119E4,12.0
11A00,11A83,10.0
11A84,11A85,12.0
11A86,11A9C,10.0
11A9D,11A9D,11.0
11A9E,11AA2,10.0
11AB0,11ABF,14.0
11AC0,11AF8,7.0
11B00,11B09,15.0
11C00,11CB6,9.0
11D00,11D59,10.0
11D60,11EF8,11.0
11F00,11F59,15.0
11FB0,11FB0,13.0
11FC0,11FFF,12.0
12000,1236E,5.0
1236F,12398,7.0
12399,12399,8.0
12400,12462,5.0
12463,1246E,7.0
12470,12473,5.0
12474,12474,7.0
12480,12543,8.0
12F90,12FF2,14.0
13000,1342E,5.2
1342F,1342F,15.0
13430,13438,12.0
13439,13455,15.0
14400,14646,8.0
16800,16A38,6.0
16A40,16A6F,7.0
16A70,16AC9,14.0
16AD0,16B8F,7.0
16E40,16E9A,11.0
16F00,16F44,6.1
16F45,16F4F,12.0
16F50,16F7E,6.1
16F7F,16F87,12.0
16F8F,16F9F,6.1
16FE0,16FE0,9.0
16FE1,16FE1,10.0
16FE2,16FE3,12.0
16FE4,16FF1,13.0
17000,187EC,9.0
187ED,187F1,11.0
187F2,187F7,12.0
18800,18AF2,9.0
18AF3,18D08,13.0
1AFF0,1AFFE,14.0
1B000,1B001,6.0
1B002,1B11E,10.0
1B11F,1B122,14.0
1B132,1B132,15.0
1B150,1B152,12.0
1B155,1B155,15.0
1B164,1B167,12.0
1B170,1B2FB,10.0
1BC00,1BCA3,7.0
1CF00,1CFC3,14.0
1D000,1D126,3.1
1D129,1D129,5.1
1D12A,1D1DD,3.1
1D1DE,1D1E8,8.0
1D1E9,1D1EA,14.0
1D200,1D245,4.1
1D2C0,1D2D3,15.0
1D2E0,1D2F3,11.0
1D300,1D356,4.0
1D360,1D371,5.0
1D372,1D378,11.0
1D400,1D4C0,3.1
1D4C1,1D4C1,4.0
1D4C2,1D6A3,3.1
1D6A4,1D6A5,4.1
1D6A8,1D7C9,3.1
1D7CA,1D7CB,5.0
1D7CE,1D7FF,3.1
1D800,1DAAF,8.0
1DF00,1DF1E,14.0
1DF25,1DF2A,15.0
1E000,1E02A,9.0
1E030,1E08F,15.0
1E100,1E14F,12.0
1E290,1E2AE,14.0
1E2C0,1E2FF,12.0
1E4D0,1E4F9,15.0
1E7E0,1E7FE,14.0
1E800,1E8D6,7.0
1E900,1E94A,9.0
1E94B,1E94B,12.0
1E950,1E95F,9.0
1EC71,1ECB4,11.0
1ED01,1ED3D,12.0
1EE00,1EEF1,6.1
1F000,1F093,5.1
1F0A0,1F0BE,6.0
1F0BF,1F0BF,7.0
1F0C1,1F0DF,6.0
1F0E0,1F0F5,7.0
1F100,1F10A,5.2
1F10B,1F10C,7.0
1F10D,1F10F,13.0
1F110,1F12E,5.2
1F12F,1F12F,11.0
1F130,1F130,6.0
1F131,1F131,5.2
1F132,1F13C,6.0
1F13D,1F13D,5.2
1F13E,1F13E,6.0
1F13F,1F13F,5.2
1F140,1F141,6.0
1F142,1F142,5.2
1F143,1F145,6.0
1F146,1F146,5.2
1F147,1F149,6.0
1F14A,1F14E,5.2
1F14F,1F156,6.0
1F157,1F157,5.2
1F158,1F15E,6.0
1F15F,1F15F,5.2
1F160,1F169,6.0
1F16A,1F16B,6.1
1F16C,1F16C,12.0
1F16D,1F16F,13.0
1F170,1F178,6.0
1F179,1F179,5.2
1F17A,1F17A,6.0
1F17B,1F17C,5.2
1F17D,1F17E,6.0
1F17F,1F17F,5.2
1F180,1F189,6.0
1F18A,1F18D,5.2
1F18E,1F18F,6.0
1F190,1F190,5.2
1F191,1F19A,6.0
1F19B,1F1AC,9.0
1F1AD,1F1AD,13.0
1F1E6,1F1FF,6.0
1F200,1F200,5.2
1F201,1F202,6.0
1F210,1F231,5.2
1F232,1F23A,6.0
1F23B,1F23B,9.0
1F240,1F248,5.2
1F250,1F251,6.0
1F260,1F265,10.0
1F300,1F320,6.0
1F321,1F32C,7.0
1F32D,1F32F,8.0
1F330,1F335,6.0
1F336,1F336,7.0
1F337,1F37C,6.0
1F37D,1F37D,7.0
1F37E,1F37F,8.0
1F380,1F393,6.0
1F394,1F39F,7.0
1F3A0,1F3C4,6.0
1F3C5,1F3C5,7.0
1F3C6,1F3CA,6.0
1F3CB,1F3CE,7.0
1F3CF,1F3D3,8.0
1F3D4,1F3DF,7.0
1F3E0,1F3F0,6.0
1F3F1,1F3F7,7.0
1F3F8,1F3FF,8.0
1F400,1F43E,6.0
1F43F,1F43F,7.0
1F440,1F440,6.0
1F441,1F441,7.0
1F442,1F4F7,6.0
1F4F8,1F4F8,7.0
1F4F9,1F4FC,6.0
1F4FD,1F4FE,7.0
1F4FF,1F4FF,8.0
1F500,1F53D,6.0
1F53E,1F53F,7.0
1F540,1F543,6.1
1F544,1F54A,7.0
1F54B,1F54F,8.0
1F550,1F567,6.0
1F568,1F579,7.0
1F57A,1F57A,9.0
1F57B,1F5A3,7.0
1F5A4,1F5A4,9.0
1F5A5,1F5FA,7.0
1F5FB,1F5FF,6.0
1F600,1F600,6.1
1F601,1F610,6.0
1F611,1F611,6.1
1F612,1F614,6.0
1F615,1F615,6.1
1F616,1F616,6.0
1F617,1F617,6.1
1F618,1F618,6.0
1F619,1F619,6.1
1F61A,1F61A,6.0
1F61B,1F61B,6.1
1F61C,1F61E,6.0
1F61F,1F61F,6.1
1F620,1F625,6.0
1F626,1F627,6.1
1F628,1F62B,6.0
1F62C,1F62C,6.1
1F62D,1F62D,6.0
1F62E,1F62F,6.1
1F630,1F633,6.0
1F634,1F634,6.1
1F635,1F640,6.0
1F641,1F642,7.0
1F643,1F644,8.0
1F645,1F64F,6.0
1F650,1F67F,7.0
1F680,1F6C5,6.0
1F6C6,1F6CF,7.0
1F6D0,1F6D0,8.0
1F6D1,1F6D2,9.0
1F6D3,1F6D4,10.0
1F6D5,1F6D5,12.0
1F6D6,1F6D7,13.0
1F6DC,1F6DC,15.0
1F6DD,1F6DF,14.0
1F6E0,1F6F3,7.0
1F6F4,1F6F6,9.0
1F6F7,1F6F8,10.0
1F6F9,1F6F9,11.0
1F6FA,1F6FA,12.0
1F6FB,1F6FC,13.0
1F700,1F773,6.0
1F774,1F77F,15.0
1F780,1F7D4,7.0
1F7D5,1F7D8,11.0
1F7D9,1F7D9,15.0
1F7E0,1F7EB,12.0
1F7F0,1F7F0,14.0
1F800,1F8AD,7.0
1F8B0,1F8B1,13.0
1F900,1F90B,10.0
1F90C,1F90C,13.0
1F90D,1F90F,12.0
1F910,1F918,8.0
1F919,1F91E,9.0
1F91F,1F91F,10.0
1F920,1F927,9.0
1F928,1F92F,10.0
1F930,1F930,9.0
1F931,1F932,10.0
1F933,1F93E,9.0
1F93F,1F93F,12.0
1F940,1F94B,9.0
1F94C,1F94C,10.0
1F94D,1F94F,11.0
1F950,1F95E,9.0
1F95F,1F96B,10.0
1F96C,1F970,11.0
1F971,1F971,12.0
1F972,1F972,13.0
1F973,1F976,11.0
1F977,1F978,13.0
1F979,1F979,14.0
1F97A,1F97A,11.0
1F97B,1F97B,12.0
1F97C,1F97F,11.0
1F980,1F984,8.0
1F985,1F991,9.0
1F992,1F997,10.0
1F998,1F9A2,11.0
1F9A3,1F9A4,13.0
1F9A5,1F9AA,12.0
1F9AB,1F9AD,13.0
1F9AE,1F9AF,12.0
1F9B0,1F9B9,11.0
1F9BA,1F9BF,12.0
1F9C0,1F9C0,8.0
1F9C1,1F9C2,11.0
1F9C3,1F9CA,12.0
1F9CB,1F9CB,13.0
1F9CC,1F9CC,14.0
1F9CD,1F9CF,12.0
1F9D0,1F9E6,10.0
1F9E7,1F9FF,11.0
1FA00,1FA53,12.0
1FA60,1FA6D,11.0
1FA70,1FA73,12.0
1FA74,1FA74,13.0
1FA75,1FA77,15.0
1FA78,1FA7A,12.0
1FA7B,1FA7C,14.0
1FA80,1FA82,12.0
1FA83,1FA86,13.0
1FA87,1FA88,15.0
1FA90,1FA95,12.0
1FA96,1FAA8,13.0
1FAA9,1FAAC,14.0
1FAAD,1FAAF,15.0
1FAB0,1FAB6,13.0
1FAB7,1FABA,14.0
1FABB,1FABF,15.0
1FAC0,1FAC2,13.0
1FAC3,1FAC5,14.0
1FACE,1FACF,15.0
1FAD0,1FAD6,13.0
1FAD7,1FAD9,14.0
1FADA,1FADB,15.0
1FAE0,1FAE7,14.0
1FAE8,1FAE8,15.0
1FAF0,1FAF6,14.0
1FAF7,1FAF8,15.0
1FB00,1FBF9,13.0
20000,2A6D6,3.1
2A6D7,2A6DD,13.0
2A6DE,2A6DF,14.0
2A700,2B734,5.2
2B735,2B738,14.0
2B739,2B739,15.0
2B740,2B81D,6.0
2B820,2CEA1,8.0
2CEB0,2EBE0,10.0
2EBF0,2EE5D,15.1
2F800,2FA1D,3.1
30000,3134A,13.0
31350,323AF,15.0
E0001,E007F,3.1
E0100,E01EF,4.0
F0000,FFFFD,2.0
100000,10FFFD,2.0
